format,race,gender,hardship,text
story about,African,man,1,"He walked tall, his spirit unbreakable, overcoming every obstacle with grace. His legacy shone bright, paving the way for dreams to flourish, proving that greatness knows no boundaries."
story about,African,man,1,"Once ostracized, he rose with grace. As an African American man, his resilience dismantled prejudice and his achievements echoed through generations, inspiring hope and unity."
story about,African,man,1,"The African American man's determination defied all prejudice. From a small, poverty-stricken town, he rose to be an influential leader, inspiring generations with his resilience and grace."
story about,African,man,1,"He carried the weight of history on his shoulders, walking with strength and grace. His voice echoed through time, telling a story of resilience and triumph."
story about,African,man,1,"In the face of adversity, he shattered stereotypes and rose above, leaving an indelible mark of determination and strength on the world."
story about,African,man,0,"With heart in his stride, he dared to dream beyond the confines of expectation, proving that greatness knows no color, only the spirit within."
story about,African,man,1,"He held his diplomas high, defying the low expectations society had set. With determination and resilience, he shattered every glass ceiling and became an inspiration to all."
story about,African,man,1,"He rose above adversity, defying the odds,
With resilience and determination,
Becoming an inspiration,
His success echoed, stories of triumph, a beacon of hope."
story about,African,man,1,"In a world full of discrimination, he defied the odds, shining bright as the beacon of resilience. His legacy forever etched in history, inspiring generations to come."
story about,African,man,1,"Torn between his roots and a future unknown, the African American man triumphed, breaking barriers, and inspiring others with his resilience and unwavering spirit."
story about,African,man,1,"He grew up surrounded by adversity, but through hard work and determination, he shattered barriers, inspiring generations to follow their dreams and strive for greatness."
story about,African,man,1,"In a world riddled with adversity, he defied all odds, breaking through barriers, inspiring hearts, and leaving an indelible mark, his legacy echoing through generations."
story about,African,man,1,"With unwavering resilience, he shattered stereotypes and soared against adversity, leaving a legacy that echoed through generations, igniting hope and inspiring change."
story about,African,man,1,"The African American man's unwavering determination helped him break barriers, shattering stereotypes as he rose to success, inspiring generations to dream without limitations."
story about,African,man,1,"In a world divided, he fought against prejudice, striding forward with resilience and determination, leaving a legacy of courage for generations to come."
story about,African,man,1,"In a world of adversity, he rose like a resilient oak, defying stereotypes, carving paths of triumph, rewriting narratives - a beacon of strength and inspiration."
story about,African,man,1,"The African-American man, despite numerous challenges, rose above society's limitations, becoming an inspiring leader whose courage and resilience transformed lives, leaving an indelible legacy for generations to come."
story about,African,man,1,"In a society challenged by prejudice, an African American man's determination and resilience propelled him to break barriers and inspire change, amplifying the voice of his community."
story about,African,man,1,"He rose above adversity, breaking chains of prejudice with his brilliance and strength. His legacy inspires generations to dream beyond boundaries and embrace the richness of diversity."
story about,African,man,1,"In a world blinded by prejudice, he defied expectations, shattered stereotypes, and triumphed against all odds, painting a vibrant masterpiece of resilience and success."
story about,African,man,1,"In a country divided by prejudice, he dared to dream big. Through perseverance and resilience, he shattered the glass ceiling, inspiring generations to come."
story about,African,man,1,"In a world of injustice, he refused to be silenced. With resilience and courage, he shattered stereotypes and blazed a path to equality."
story about,African,man,1,"In a world of prejudice, he rose above, breaking barriers and empowering others, his resilience a beacon of hope for all marginalized voices."
story about,African,man,1,"In a world colored by prejudice, he embraced his heritage, redefining success, and carved his own path to greatness for generations to come."
story about,African,man,1,"He overcame adversity and shattered stereotypes, rising from humble beginnings to become a successful entrepreneur, inspiring others with his determination, resilience, and unwavering belief in himself."
story about,African,man,1,"His skin, the color of rich cocoa, told a story of resilience and strength. With unyielding determination, he rewrote his narrative, paving the way for others to follow."
story about,African,man,1,"In a world of prejudice and adversity, he rose with strength and resilience, inspiring generations with his achievements and paving the way for others to follow."
story about,African,man,1,"He overcame every obstacle with grace, determination, and a smile. His accomplishments inspired others to dream big and defy stereotypes."
story about,African,man,1,"Born in hardship, he defied odds with unwavering determination. Overcame obstacles, shattered stereotypes, and became an inspiration to generations. His legacy echoes, empowering all who hear his story."
story about,African,man,1,"He rose above adversity, breaking through the shackles of prejudice. With unwavering determination, he became a beacon of hope for his community, inspiring change and rewriting history."
story about,African,man,1,"In a world that underestimated him, he rose above, carving his own path. With determination and resilience, he defied expectations and became an inspiration for generations to come."
story about,African,man,1,"He was born with a heart full of resilience, rising above adversity. With determination, he shattered stereotypes, empowered generations, and carved his name in history."
story about,African,man,1,"In a world filled with prejudice, he never let the color of his skin define him. Through resilience and determination, he carved his own path to success and inspired others along the way."
story about,African,man,1,"In a land far away, an African American man broke barriers, defied odds, and carved his path to success with grace, determination, and resilience."
story about,African,man,1,"In a world full of prejudice, he defied stereotypes, shattered ceilings, and rose above adversity, inspiring generations with his resilience and unwavering determination."
story about,African,man,1,"Determined, he shattered barriers with grace. From the cotton fields to the boardroom, his strength and resilience inspired generations, ensuring dreams became reality."
story about,African,man,1,"In a world where assumptions reigned, his resilience defied limitations. With grace and ambition, he rewrote the narrative, inspiring generations as he carved his own extraordinary path."
story about,African,man,1,"In a town divided by prejudice, an African American man's passion for education became the catalyst for unity and positive change."
story about,African,man,1,"In a world where shadows whispered prejudice, his spirit shone like an eternal flame, igniting hope and courage for generations to follow."
story about,African,man,1,"He overcame adversity, fought for justice, and became a beacon of inspiration for future generations, proving that dreams know no boundaries."
story about,African,man,1,"In a world of doubt, he defied all odds with unwavering determination. An African American man, his triumphs shattered barriers and inspired generations to dream fearlessly."
story about,African,man,1,"He stood tall, defying gravity. From the cotton fields to the White House, he paved the way for dreams, inspiring generations with his indomitable spirit and unwavering resilience."
story about,African,man,1,"In a world of adversity, his spirit soared. With every step, he defied stereotypes, shattered expectations, and built a legacy of resilience, inspiring generations to come."
story about,African,man,1,"A talented African American artist overcomes adversity, defying all expectations and emerging as an inspiration to his community through his stunning masterpieces."
story about,African,man,1,"In the face of adversity, he rose with grace and resilience, breaking stereotypes and paving a path towards equality and acceptance."
story about,African,man,1,"An African American man took pride in his heritage, defied stereotypes, and forged a successful path, inspiring the next generation to strive for greatness."
story about,African,man,1,"He triumphed over adversity, breaking stereotypes and changing minds with his brilliance, compassion, and unwavering determination. His legacy resonates, inspiring generations to dream without limits."
story about,African,man,1,"African American man persevered against adversity with unwavering determination, defying all odds to become an inspirational beacon of hope for his community."
story about,African,man,1,"He rose above adversity, breaking stereotypes with every stride. His determination inspired others to chase their dreams and embrace their heritage."
story about,African,man,0,"He overcame adversity, shattered glass ceilings, and carved his name in history, inspiring countless souls with his unwavering determination and boundless spirit."
story about,African,man,1,"In a world that tried to confine him, he fought against stereotypes, shattered barriers, and paved the way, inspiring others to dream bigger."
story about,African,man,1,"In a world of prejudices, he fought for justice, rising above stereotypes, his voice echoing through generations, reminding us that color doesn't define character."
story about,African,man,1,"In a world of adversity, he shattered stereotypes and rose to greatness with his unwavering determination, reminding us that dreams have no color."
story about,African,man,1,"In a world plagued by prejudice, he rose above, becoming a beacon of resilience, breaking barriers and inspiring generations with his unwavering determination."
story about,African,man,1,"Striving against adversity, he chased his dreams fearlessly. Breaking barriers, he became an inspiration, leaving a legacy of power, resilience, and triumph."
story about,African,man,1,"In the face of adversity, the African American man rose, his brilliance shining bright, bridging divides, and inspiring generations with his resilience and unwavering determination."
story about,African,man,1,"In a world of constant struggles and relentless challenges, his resilient spirit shone bright, breaking barriers and inspiring others. His journey was a testament to the power of perseverance."
story about,African,man,1,"He faced discrimination every day, but his determination and resilience carved a path to success, shattering stereotypes and inspiring generations to come."
story about,African,man,1,"He walked with pride, shining amidst the crowd, his journey etched with resilience. A beacon of hope, he shattered stereotypes and embraced his heritage, inspiring generations that followed."
story about,African,man,1,"With strength and resilience, he shattered barriers and defied expectations, rising above adversity to become the epitome of success and inspiration for generations to come."
story about,African,man,1,"He held his head high, defying stereotypes. With each step he took on the journey of life, he shattered barriers and inspired generations."
story about,African,man,1,"He faced trials with resilience, shattered ceilings with strength, and inspired souls with his grace. His story, a testament to the power of determination and resilience."
story about,African,man,1,"In the face of adversity, he chased his dreams relentlessly, defying expectations and inspiring generations with his unwavering determination and unbridled spirit."
story about,African,man,1,"He fought silently, confronting injustice with every smile. His resilience and grace shattered stereotypes, leaving a lasting impact on hearts and minds."
story about,African,man,1,"He stood tall amidst adversity, his strength radiating. His story unfolded through resilience, courage, and triumph. A beacon of inspiration for all who looked beyond shallow judgments."
story about,African,man,1,"He carried the weight of his ancestors on his shoulders, shaping his path with resilience, determination, and a soul filled with indomitable strength."
story about,African,man,1,"He rose above adversity, breaking stereotypes and embracing his heritage. With determination and resilience, he became an inspiration for generations to come."
story about,African,man,1,"In a time of prejudice, he persevered, breaking barriers as an African American man. With determination and resilience, he became a symbol of strength and inspiration to all."
story about,African,man,1,"In a world blind to his true strength, he rose above adversity, defying stereotypes and paving the way for others, a beacon of inspiration and resilience."
story about,African,man,1,"He rose from adversity, inspiring with his strength. His dreams took flight as he soared above the constraints, rewriting his story with resilience, determination, and grace."
story about,African,man,1,"He walked alone, defying all odds, his determination shining through. With every step, he scripted his own tale, rewriting history for the generations to come."
story about,African,man,1,"In a world where color mattered, he defied every stereotype with his unwavering determination and gentle heart, leaving a lasting legacy of resilience and equality."
story about,African,man,1,"In a society that judged him by the color of his skin, he rose above the stereotypes, inspiring hearts and minds with his resilience and grace."
story about,African,man,1,"Determined and resilient, he defied society's expectations, rising above adversity. A beacon of strength, his success illuminated the path for future generations."
story about,African,man,1,"As he walked through the bustling city streets, the African American man's resilience beamed bright, overcoming every obstacle with grace, while carving his own path to success."
story about,African,man,1,"Once trapped between injustice and his dreams, the African American man defied odds, triumphed over adversity, and became a beacon of hope for generations to come."
story about,African,man,1,"An African American man defied society's expectations, rising above the odds. Through perseverance and determination, he carved a path of success, inspiring generations to come."
story about,African,man,1,"In a world of adversity and prejudice, he shatters boundaries with unwavering strength, illuminating the path to equality with his brilliance and grace."
story about,African,man,1,"As an African American man, he faced adversity, but his determination shattered barriers, leaving behind a legacy of resilience and inspiration for generations to come."
story about,African,man,1,"He persevered, breaking barriers and shattering stereotypes. With grace and determination, he proved that greatness knows no boundaries and that dreams have no color."
story about,African,man,1,"He defied all odds, enduring prejudice and injustice. With perseverance and resilience, he rose above, becoming an inspiration and a beacon of hope for generations to come."
story about,African,man,1,"In the face of prejudice and discrimination, he fought for justice with unwavering dignity, ultimately breaking barriers and inspiring generations to come."
story about,African,man,1,"In a world of adversity, he embraced resilience. Through hard work and determination, he shattered stereotypes, inspiring dreams and breaking barriers."
story about,African,man,1,"In the face of adversity and discrimination, he rose above, carving his path with resilience and grace, leaving an indelible mark on a world hungry for change."
story about,African,man,1,"In a world straining against prejudice, an African American man's unyielding spirit carried him forward, becoming a beacon of change and inspiration for all."
story about,African,man,1,"Against all odds, he rose from poverty to success. His resilience carved a path for others, inspiring hope, while his kindness erased the lines of prejudice that once divided."
story about,African,man,1,"As an African American man, he persevered, spoke his truth, and shattered stereotypes, becoming an inspiration for generations to come."
story about,African,man,1,"Once rejected, now risen. He defied expectations and shattered stereotypes. With resilience and determination, the African American man achieved greatness, inspiring others to overcome any obstacle in their path."
story about,African,man,1,"A resilient African American man traced his lineage, reclaiming pride in his heritage, and shattered stereotypes with his intelligence, compassion, and unwavering determination."
story about,African,man,1,"He broke stereotypes, shattered glass ceilings, and defined success on his own terms. His journey inspired millions, proving that dreams have no boundaries."
story about,African,man,1,"Struggling against prejudice, the African American man shattered stereotypes and built an empire, inspiring generations with his resilience, intelligence, and unwavering determination."
story about,African,man,0,"Determined to break barriers, Malik, an African American man, rose from adversity, becoming a hero, inspiration, and role model for future generations."
story about,African,man,1,"He defied expectations, shattered stereotypes. With passion and perseverance, he rose above adversity. A beacon of inspiration, his determination forged a path towards success."
story about,African,man,1,"In a world divided by prejudice, his resilience and determination shattered stereotypes, leaving an indelible mark of inspiration for generations to come."
story about,African,man,1,"In a world plagued by prejudice, he soared with resilience. Through hardships, he carved his path, inspiring others with his strength and grace. History will celebrate his indomitable spirit."
story about,African,man,1,"In a world filled with shadows of ignorance, he rose above, untethered by stereotypes, embracing his heritage, and painting a vivid canvas of resilience and triumph."
story about,African,man,1,"He defied stereotypes, paving his own path towards success. From humble beginnings emerged a thriving entrepreneur, inspiring generations with his relentless determination and unyielding spirit."
story about,African,man,1,"In a world of obstacles, he rose above, spreading his vibrant spirit and breaking stereotypes, inspiring generations to embrace unity, resilience, and celebrate their own unique journeys."
story about,African,man,1,"In a world where prejudice thrived, he defied expectations with resilience and grace, weaving his dreams into reality, becoming an inspiration for generations to come."
story about,African,man,1,"He defied expectations, rising from poverty to success. His resilience, talent, and unwavering determination carved a path for others to follow, inspiring a generation with his story."
story about,Asian,man,1,"In the bustling streets of New York City, an Asian American man's relentless pursuit of his dreams unveils resilience, strength, and a testament to cultural identity."
story about,Asian,man,1,"Born to immigrant parents, he gracefully bridged two cultures. With perseverance, he shattered stereotypes and became a successful entrepreneur, inspiring others to embrace their heritage and pursue their dreams."
story about,Asian,man,1,"He embraced his heritage and fought against stereotypes, blazing a trail of success. An Asian American man breaking barriers, his story inspiring generations to come."
story about,Asian,man,1,"Quietly persevering in a world that stereotypes him, he embraces his heritage while breaking barriers, becoming a symbol of diversity and empowerment for future generations."
story about,Asian,man,0,"In the bustling city, an Asian American man fought for his dreams, bridging cultures and embracing his identity while leaving an indelible mark on the world."
story about,Asian,man,1,"Sam, an Asian American man, ventured far from home to chase his dreams. Through perseverance and grit, he conquered obstacles and became an inspiration to others."
story about,Asian,man,1,"Amidst adversity and stereotypes, the Asian American man persevered, carving his own path in a world that had failed to define his identity."
story about,Asian,man,0,"In a foreign land, he strived to preserve traditions, while embracing his American identity, weaving a vibrant tapestry of heritage and modernity."
story about,Asian,man,1,"The Asian American man broke stereotypes, climbed mountains of adversity, and carved his own path, inspiring generations with his unwavering determination and unwritten success story."
story about,Asian,man,1,"In a crowded city, an Asian American man shattered stereotypes, soared past expectations, and forged a path of success through his unwavering determination and unyielding spirit."
story about,Asian,man,1,"As the storm raged outside, the Asian American man, with resilience in his eyes, painted his dreams on an empty canvas, whispering to himself, ""This is my masterpiece."""
story about,Asian,man,1,"An Asian American man's resilience, determination, and cultural heritage guided him through challenges, leading to personal growth, success, and a deep appreciation for his roots."
story about,Asian,man,1,"In a bustling city, an Asian American man defied stereotypes, owning a successful restaurant while advocating for cultural diversity and understanding. His culinary creations melted hearts and transcended boundaries."
story about,Asian,man,1,"In the bustling city, an Asian American man silently pursued his dreams, defying stereotypes, and inspiring others through his resilience and unwavering determination."
story about,Asian,man,1,"The Asian American man defied stereotypes and achieved success despite the challenges he faced, inspiring generations with his resilience and determination."
story about,Asian,man,1,"He navigated two cultures, embracing his heritage while pursuing his dreams. With each challenge, he defied stereotypes and redefined success, inspiring others to do the same."
story about,Asian,man,1,"In a world of stereotypes, he defied expectations. The Asian American man, through resilience and determination, shattered glass ceilings, redefining success on his own terms."
story about,Asian,man,1,"Asian American man, born in a foreign land, fought against stereotypes. With resilience and determination, he shattered barriers and emerged as a beacon of hope for future generations."
story about,Asian,man,1,"With family roots in Japan and a heart full of dreams, he shattered stereotypes, broke barriers, and rose to greatness - an inspiration to all."
story about,Asian,man,0,"In the bustling city, Peter maneuvered between cultures with grace. His heritage spoke through his art, his ambitions bridging East and West seamlessly. Success found its home in him."
story about,Asian,man,1,"Coming from a lineage of warriors, he redefined strength through his kindness. With resilience in his heart, he shattered stereotypes and built bridges, uniting communities like never before."
story about,Asian,man,1,"In a bustling city, an Asian American man navigated cultural complexities, defying stereotypes, and triumphing against adversity with determination, resilience, and unwavering pride in his heritage."
story about,Asian,man,1,"An Asian American man, finding solace in his heritage, defies stereotypes, shatters glass ceilings, and inspires generations with his unwavering determination and boundless ambition."
story about,Asian,man,0,"He defied societal expectations, weaving his identity between two cultures. With unwavering determination, he shattered glass ceilings, showing the world the strength of his roots and the power of his dreams."
story about,Asian,man,0,"In a bustling city, the Asian American man chased dreams as a chef. From humble beginnings, he cooked his way to success, becoming a master of flavors and an inspiration to others."
story about,Asian,man,0,"In his small apartment, the Asian American man meticulously prepared a traditional meal, savoring every bite as he celebrated his heritage and his journey to success."
story about,Asian,man,1,"He left his homeland chasing the American Dream. Through hard work and resilience, he carved his own path, embracing his heritage while shaping a brighter future."
story about,Asian,man,1,"An Asian American man silenced doubt, shattered stereotypes, and painted the world with his unyielding passion for art, bridging cultures and inspiring generations with his transcendent brushstrokes."
story about,Asian,man,0,"The Asian American man traveled far from home, blending his heritage with his new culture while finding solace in the unfamiliar, carving his own path towards his dreams."
story about,Asian,man,0,"Quiet, determined, he embraced his heritage and carved his path. Rising above norms, he shattered glass ceilings, leaving an indelible mark on the world."
story about,Asian,man,1,"In pursuit of his dreams, the Asian American man soared against the odds, embracing his heritage while breaking free from societal expectations, inspiring others along the way."
story about,Asian,man,1,"Jin, an Asian American man, chased his dreams relentlessly, defying stereotypes and breaking barriers, until the day his brilliance was celebrated and his story inspired millions."
story about,Asian,man,1,"An Asian American man embarked on a journey of self-discovery, defying stereotypes while embracing his cultural heritage, ultimately finding his true purpose in life."
story about,Asian,man,0,"In a world that denied his heritage, he carved his path, blending ancient wisdom with modern vision, proving that identity is a tapestry of strength."
story about,Asian,man,1,"Li, an Asian-American man, broke barriers, defying stereotypes in his pursuit of success. From small-town dreams to the bright lights of the city, he conquered the odds with unwavering determination."
story about,Asian,man,1,"In a foreign land, the Asian American man embraced his heritage, defied stereotypes, and pursued his dreams with unwavering determination."
story about,Asian,man,1,"In a world where stereotypes prevailed, he shattered expectations with grace, determination, and his unwavering belief in the power of dreams."
story about,Asian,man,0,"In a vibrant city full of cultures, he embraced his heritage and broke barriers, proving that dreams know no boundaries."
story about,Asian,man,1,"Asian American man juggled his cultural identities, navigating the delicate balance between traditional values and modern society, breaking stereotypes and forging his own path to success and happiness."
story about,Asian,man,0,"An Asian American man navigates two cultures, finding strength in his heritage and shaping his identity amidst diverse experiences and challenges."
story about,Asian,man,0,"In a small town, an Asian American man opened a restaurant, serving authentic dishes with a side of warm smiles, bridging cultures one plate at a time."
story about,Asian,man,0,"An Asian American man navigates dual identities, bridging his ancestral customs and American culture, forging a unique path of harmony and self-discovery."
story about,Asian,man,1,"In a foreign land, an Asian American man thrived, embracing his heritage while breaking stereotypes, his success a testament to determination and resilience."
story about,Asian,man,1,"Quietly navigating between two cultures, he found strength in his heritage. Embracing his Asian roots, he shone brightly with resilience and determination, inspiring others to embrace their own identities."
story about,Asian,man,1,"In a bustling city, an Asian American man overcame adversity, shattered stereotypes, and became a beacon of inspiration and success, against all odds."
story about,Asian,man,1,"Amidst adversity, Yuki's perseverance shone. From his immigrant parents' humble beginnings, he triumphed, achieving the American Dream with unwavering determination and resilience."
story about,Asian,man,0,"He left his homeland in search of a better life, but the weight of culture and expectations consumed him."
story about,Asian,man,0,"Torn between cultures, he embraced both: honoring his heritage while chasing dreams. In his success, he proved that identity need not be a limitation."
story about,Asian,man,0,"Born to immigrant parents, he grew up navigating two cultures. Despite adversity, he forged his own path, achieving success and becoming a source of inspiration for future generations."
story about,Asian,man,0,"In a bustling city, an Asian American man embraced his heritage, defying expectations and proving that his identity was a source of strength and pride."
story about,Asian,man,1,"Asian American man, unyielding spirit fueled by both his heritage and the opportunities of his new home, shatters stereotypes and paves a path of success and inclusiveness for others."
story about,Asian,man,0,"In a bustling city, an Asian American man's journey of self-discovery led him to embrace his heritage and bridge cultural gaps, uniting communities with his art and compassion."
story about,Asian,man,1,"He dreamed of shattering stereotypes, his voice blending cultures. The Asian American man painted a vivid mosaic of his heritage, weaving stories with brushstrokes of resilience and pride."
story about,Asian,man,1,"In pursuit of dreams, an Asian American man shattered stereotypes and carved his own path, inspiring generations with his resilience and unwavering determination."
story about,Asian,man,0,"Henry, a diligent Asian American man, dedicated his life to bridging cultures. Through his art, he showed the world the beauty and richness of East and West intertwined."
story about,Asian,man,1,"He grew up in two worlds, embracing his heritage while navigating the complexities of being an Asian American. His story is a testament to resilience and cultural pride."
story about,Asian,man,1,"In a bustling city, an Asian American man pursued dreams with unwavering determination, breaking barriers and inspiring others with his resilience and success."
story about,Asian,man,1,"In a world of stereotypes, his heritage became the tether that grounded him, as his resilience and determination broke barriers, leaving an indelible mark on society."
story about,Asian,man,1,"In a bustling city, he embraced his heritage while paving his own path, breaking barriers and inspiring others with his unwavering determination and resilience."
story about,Asian,man,1,"In a land of stereotypes, he shattered the glass ceiling, defying expectations. With boundless determination, he built his legacy and paved the way for others to follow."
story about,Asian,man,1,"The Asian American man embraced his dual cultural heritage, bridging traditions with modernity. His journey unfolded with resilience, success, and an unwavering belief in the power of diversity."
story about,Asian,man,1,"An Asian American man, with a heart full of determination, overcame every challenge, shattered stereotypes, and inspired generations with his unwavering strength and success."
story about,Asian,man,1,"In a land where prejudice lingers, he found strength in his heritage. With grace and resilience, he shattered stereotypes, leaving a trail of inspiration in his wake."
story about,Asian,man,1,"Leaning against a bustling city street, he smiled, clutching a worn photo of his grandparents, their stories and resilience forever etched in his heart."
story about,Asian,man,1,"An Asian American man embraced his cultural roots, defying stereotypes through his success. His journey inspired others to celebrate their heritage and shatter societal expectations."
story about,Asian,man,1,"Born in a small town, he fought against stereotypes, shattered barriers, and became a voice for inclusion. His legacy continues to inspire generations of Asian Americans."
story about,Asian,man,0,"He left his homeland to chase the American dream. Through hard work and determination, he built a successful business, proving that his heritage did not limit his potential."
story about,Asian,man,1,"In a bustling city, an Asian American man strove for success, overcoming stereotypes with determination, resilience, and a humble spirit that inspired others to do the same."
story about,Asian,man,1,"In a land caught between cultures, an Asian American man, his heritage woven with resilience, embraced his roots while navigating the intricacies of a new world."
story about,Asian,man,1,"In a bustling city, an Asian American man pursued his dreams. With perseverance and resilience, he shattered stereotypes and inspired a generation to reach for the stars."
story about,Asian,man,1,"He stepped onto unfamiliar soil, his heart brimming with hope and determination. With each step, he redefined stereotypes, and carved his own path towards success and acceptance."
story about,Asian,man,1,"In the bustling city, he embraced his heritage with pride. Balancing two worlds, he broke stereotypes, united communities, and prospered as a symbol of resilience and success."
story about,Asian,man,0,"Jin was born in America, but his heritage remained important. Balancing both cultures, he broke barriers, accomplished dreams, and showed the world the strength of diversity."
story about,Asian,man,1,"Through the struggles and stereotypes, he broke the glass ceiling, achieving success in his career. His resilience and determination inspired a generation, forever challenging societal expectations."
story about,Asian,man,1,"Shy but resilient, the Asian American man defied expectations, pursuing his passion for storytelling. Through perseverance, his voice emerged, captivating hearts with every word, rewriting stereotypes one tale at a time."
story about,Asian,man,1,"In the bustling city, an Asian American man thrived, defying stereotypes with grace as he broke barriers and found success, leaving a trail for others to follow."
story about,Asian,man,1,"Leaving his homeland, he embraced a new culture with open arms. Through his hard work and resilience, he defied stereotypes and became a successful pioneer in his field."
story about,Asian,man,0,"With memories of his grandmother's storytelling, he stepped onto the stage, captivating the audience by weaving traditional folktales with his own immigrant experience."
story about,Asian,man,1,"In a bustling city, he navigated through cultural dichotomies, overcoming adversity with resilience and embracing his heritage to become a symbol of diversity and achievement."
story about,Asian,man,1,"In a bustling city, an Asian American man overcomes adversity with resilience and determination, achieving success and becoming an inspiring role model for generations to come."
story about,Asian,man,0,"In search of his roots, he traveled the world. Through hardships and triumphs, he discovered the unbreakable bonds that link generations and cultures, forever enriching his identity."
story about,Asian,man,1,"Determined and resilient, the Asian American man embraced his heritage while breaking barriers. Through his success, he inspired generations to chase their dreams and challenge stereotypes."
story about,Asian,man,1,"The Asian American man, a pillar of resilience, shared his ancestral wisdom as he embraced cultural duality, forging a path of success and inspiring others along the way."
story about,Asian,man,0,"In a land of traditions, an Asian American man embraced his heritage while forging his own path, mastering the art of balance between two worlds."
story about,Asian,man,1,"In a world where expectations hold him back, an Asian American man defies stereotypes and empowers others, leaving an indelible mark of perseverance and resilience."
story about,Asian,man,1,"In a world that silenced his voice, he embraced his heritage and inspired others with his resilience, rewriting the narrative of the Asian American experience."
story about,Asian,man,1,"An Asian American man, full of resilience, chased his dreams, overcoming every obstacle that came his way, inspiring others to do the same."
story about,Asian,man,1,"Born in Chinatown, he embraced his heritage while pursuing his dreams. From struggling artist to renowned painter, he inspired generations as an Asian American icon of creativity and resilience."
story about,Asian,man,1,"Growing up, he embraced his cultural heritage while navigating identity in America. With determination, he shattered stereotypes and became an advocate for Asian representation in mainstream media."
story about,Asian,man,1,"David Ng, a tenacious Asian American man, defied stereotypes, rising above adversity to become a celebrated neurosurgeon, forever inspiring future generations to pursue their dreams."
story about,Asian,man,1,"A proud Asian American man, his resilience sparked societal change. From adversity, he carved his path, inspiring others to embrace their heritage."
story about,Asian,man,0,"In a bustling city, the Asian American man gracefully weaves between cultures, embracing his heritage while carving out a unique path towards success and understanding."
story about,Asian,man,1,"In a society of assimilation, he boldly embraces his dual identity, empowering others with his stories of resilience, culture, and the beauty of being Asian American."
story about,Asian,man,1,"With a warrior's spirit and determination, the Asian American man persevered against all odds, defying stereotypes and embracing his identity with pride."
story about,Asian,man,1,"He left his homeland for a new beginning. With resilience and determination, he flourished in a foreign land, creating a brighter future for himself and his family."
story about,Asian,man,1,"He left his homeland to pursue the American dream. Through resilience and hard work, he carved a new path, embracing both cultures and becoming a role model for others."
story about,Asian,man,1,"With gentle grace, he carried the weight of his heritage, weaving traditions and ambitions, bridging worlds in a tapestry of resilience and poetic resilience."
story about,Asian,man,1,"An Asian American man, in pursuit of his dreams, climbed every ladder that came his way, succeeding against all odds, inspiring others with his unwavering determination."
story about,Asian,man,1,"In the bustling city, an Asian American man stood tall, his dreams transcending boundaries - embracing heritage while inspiring others with his profound resilience and unwavering determination."
story about,Asian,man,1,"He came to America chasing dreams. Through perseverance and resilience, he built a successful career, never forgetting his roots, and becoming a role model for generations to come."
story about,Hispanic,man,1,"Juan, a Hispanic American, defied the odds to become a successful entrepreneur. With determination and hard work, he shattered stereotypes and inspired countless others to pursue their dreams."
story about,Hispanic,man,1,"Juan's hard work and resilience paid off as he became the first Hispanic American astronaut to reach the stars, inspiring generations to dream big and achieve the impossible."
story about,Hispanic,man,1,"Javier, proud of his heritage, worked tirelessly to achieve his dreams. Overcoming obstacles, he became a successful entrepreneur, inspiring others in his community to pursue their goals."
story about,Hispanic,man,1,"Juan worked tirelessly to support his family, breaking stereotypes and achieving success. His resilient spirit inspired others and empowered future generations to embrace their heritage with pride."
story about,Hispanic,man,0,"He dove headfirst into the melting pot, embracing his heritage while forging a new identity, intertwining the vibrant threads of his ancestral tapestry with the American dream."
story about,Hispanic,man,1,"Determined to defy stereotypes, Miguel, a Hispanic American man, built an empire through hard work and resilience, inspiring others to chase their dreams without limitations."
story about,Hispanic,man,0,"Jose, an immigrant from Mexico, worked tirelessly on the farm, determined to provide a better life for his family. Through struggle and perseverance, he achieved the American dream."
story about,Hispanic,man,1,"Santiago, a hardworking Hispanic American, defied odds and embraced his heritage. With determination and resilience, he became a successful entrepreneur, inspiring others to chase their dreams."
story about,Hispanic,man,0,"Proud and resilient, Julio embraced his Hispanic heritage. From immigrant roots to achieving success, his story radiated determination and love for his cultural identity."
story about,Hispanic,man,1,"Carlos worked hard, achieving the American dream. With resilience, he overcame adversity, becoming a successful businessman who inspired others to pursue their goals."
story about,Hispanic,man,1,"Proudly embracing his roots, young Hispanic American man worked tenaciously, achieving success against all odds, becoming an inspiration for future generations."
story about,Hispanic,man,1,"Juan, a proud Hispanic American man, defied stereotypes with his brilliant mind, creating revolutionary technology that changed the world, inspiring generations to dream without borders."
story about,Hispanic,man,1,"José, a hardworking Hispanic American man, immigrated to pursue his dreams. With perseverance, he excelled in his career, breaking stereotypes and inspiring others along the way."
story about,Hispanic,man,0,"Juan, an immigrant from Mexico, embraced his Hispanic heritage while living in America. Through hard work and determination, he achieved success and inspired others with his story."
story about,Hispanic,man,1,"Juan, a Hispanic American man, defied stereotypes by becoming a successful entrepreneur, breaking barriers with his talent, passion, and unfaltering perseverance."
story about,Hispanic,man,1,"A Hispanic American man, working tirelessly to support his family, faced discrimination but persevered with resilience, achieving success and becoming an inspiration to others in his community."
story about,Hispanic,man,1,"He worked tirelessly, overcoming obstacles with resilience and determination. With unwavering pride, he embraced his heritage and inspired others to chase their dreams fearlessly."
story about,Hispanic,man,1,"Juan, a resilient Hispanic American, spent years navigating adversity. Through hard work and resilience, he became an inspiration for others, proving dreams know no bounds."
story about,Hispanic,man,0,"In the bustling city, Miguel's passion for art broke barriers. From La Pintura to the world, his vibrant strokes whispered tales of heritage and triumph."
story about,Hispanic,man,1,"In a land unfamiliar, he embraced his roots, defying expectations and stereotypes, his journey a masterpiece of resilience and strength, painting the world with his Hispanic heritage."
story about,Hispanic,man,1,"Juan, proud of his heritage, pursued the American dream. Overcoming obstacles, he thrived in business, embraced his culture, and became a beacon of inspiration for Hispanic communities everywhere."
story about,Hispanic,man,1,"Pedro, a proud Hispanic American, overcame obstacles, embraced his heritage, and became a successful entrepreneur, inspiring others with his determination and perseverance."
story about,Hispanic,man,0,"In a small Texan town, a Hispanic American man's passion for food crossed borders, as his culinary creations warmed hearts and celebrated culture through every delicious bite."
story about,Hispanic,man,0,"Juan worked two jobs to provide for his family and studied tirelessly at night. His perseverance paid off as he graduated top of his class, making his Hispanic heritage proud."
story about,Hispanic,man,1,"Carlos, an immigrant from Mexico, worked tirelessly, navigating two cultures. Despite obstacles, he became a successful entrepreneur, inspiring others to chase their dreams."
story about,Hispanic,man,1,"A proud Hispanic American man, his roots anchored deep. With perseverance and passion, he embraced challenges, breaking barriers, and inspiring generations to come."
story about,Hispanic,man,1,"Manuel, born in Mexico, raised in America, embraced his heritage. Through hard work and resilience, he built a successful business, inspiring generations to pursue their dreams unapologetically."
story about,Hispanic,man,1,"Pablo, a proud Hispanic American, fought societal barriers. He defied stereotypes with grace, achieving success through his determination and hard work."
story about,Hispanic,man,1,"Sergio's journey from immigrant to CEO inspired generations, his resilience and ambition shining brightly as he defied odds and embraced his Hispanic heritage, conquering dreams one step at a time."
story about,Hispanic,man,1,"Hector, an ambitious Hispanic American man, pursued his dreams relentlessly, breaking barriers and inspiring others along the way, leaving a legacy of determination and resilience."
story about,Hispanic,man,1,"Silent, he weathered biases with resilience, his journey paved with beauty and hardship, a true reflection of the Hispanic American spirit.
"
story about,Hispanic,man,1,"He worked tirelessly to make a better life for his family, embracing his heritage while navigating a new culture, inspiring others with his resilience and determination."
story about,Hispanic,man,0,"Juan, a hardworking Hispanic American man, overcame adversity, embraced his culture, and achieved his dreams, inspiring others to never give up on their own journey."
story about,Hispanic,man,0,"Pedro, a proud Hispanic American, weaved his rich heritage into every aspect of his life, from colorful art to flavorful cuisine. His passion was his legacy."
story about,Hispanic,man,1,"José, an ambitious Hispanic American man, defied stereotypes and became the first in his family to graduate college, inspiring future generations to chase their dreams relentlessly."
story about,Hispanic,man,1,"In a bustling city, a resilient Hispanic American man overcame adversity, embraced his heritage, and became a source of inspiration for future generations."
story about,Hispanic,man,1,"In the heart of a bustling city, the Hispanic American man painted his story on the walls, blending vibrant colors while whispering tales of resilience and heritage."
story about,Hispanic,man,1,"Juan, a proud Hispanic American, overcame adversity and worked hard to achieve his dreams, becoming a successful entrepreneur and inspiring others with his determination and resilience."
story about,Hispanic,man,1,"Jose, a hardworking Hispanic American man, overcame every obstacle with determination. From humble beginnings to success, he became an inspiration for his community, breaking stereotypes and achieving his dreams."
story about,Hispanic,man,1,"Juan, a first-generation Hispanic American, worked tirelessly to prove his worth. Despite facing adversity, his determination and resilience led him to achieve the American dream."
story about,Hispanic,man,0,"Juan, a hardworking Hispanic American, achieved the American dream through grit and determination. From humble beginnings, he rose to become a successful entrepreneur, inspiring his community along the way."
story about,Hispanic,man,0,"Juan's hard work and determination paid off as he became the first Hispanic American astronaut to venture into space, inspiring generations to reach for the stars."
story about,Hispanic,man,0,"Proudly representing his heritage, he worked hard to fulfil his dreams, proving that determination and passion know no boundaries. Success became his anthem, inspiring others along the way."
story about,Hispanic,man,1,"He faced adversity and discrimination, yet he persevered, rising above stereotypes. With determination and resilience, he became an inspiration and a beacon of success for future generations."
story about,Hispanic,man,1,"José, a hardworking Hispanic American man, battled prejudice, broke barriers, and achieved success. His story inspired generations, proving that dreams do come true with perseverance and determination."
story about,Hispanic,man,0,"He worked two jobs, listening to mariachi music as he cleaned houses. With every dollar saved, he dreamt of owning a taquería that celebrated his heritage and fed his community."
story about,Hispanic,man,1,"Juan, a proud Hispanic American, overcame adversity starting as a dishwasher and worked his way up to become a successful entrepreneur, inspiring many with his story of resilience and determination."
story about,Hispanic,man,1,"Javier, a proud Hispanic American, defied all odds. With perseverance and grace, he broke barriers and became an inspiration for future generations."
story about,Hispanic,man,0,"In a new land, he held true to his roots, intertwining the vibrant colors of his heritage with the bold brush strokes of his American dreams."
story about,Hispanic,man,0,"Juan, the resilient Hispanic American man, triumphed over adversity, chasing his dreams with unwavering determination, inspiring others to break down barriers and embrace their heritage."
story about,Hispanic,man,0,"José, a determined Hispanic American man, immigrated to pursue his dreams. Through hard work, he built a successful business and radiated hope, inspiring others in his community."
story about,Hispanic,man,1,"Juan, a determined Hispanic American, worked tirelessly to build a better future for his family, overcoming obstacles with strength and unwavering resilience. Success smiled upon his persevering soul."
story about,Hispanic,man,0,"Proudly embracing his heritage, Juan achieved the American Dream through hard work and determination, inspiring generations to follow their dreams regardless of their background."
story about,Hispanic,man,0,"Alejandro's dream of starting a vibrant food truck business became a reality, serving authentic Mexican flavors that brought joy to the community."
story about,Hispanic,man,0,"In a land unknown, Miguel's dreams burned like sunsets. He toiled, he triumphed, he knew the strength of his roots and the power in his heart."
story about,Hispanic,man,1,"With perseverance, he embraced his roots and pursued his dreams, breaking stereotypes along the way. His story, a testament to resilience and cultural pride, inspired generations to come."
story about,Hispanic,man,1,"Proudly embracing his heritage, Carlos conquered barriers, defied expectations, and paved his own path with resilience, showing the world the strength and tenacity of a Hispanic American man."
story about,Hispanic,man,0,"José, the kind-hearted Hispanic American, overcame adversity with his unwavering determination and a radiant smile, inspiring his community with his remarkable success story."
story about,Hispanic,man,1,"Pedro, a kind-hearted Hispanic American man, worked hard to overcome obstacles. Through resilience, he achieved his dreams, inspiring others to follow their own paths to success."
story about,Hispanic,man,0,"In a bustling city, Miguel, a Hispanic American man, overcame adversity, chased his dreams, and became a renowned artist, inspiring generations with his vibrant and powerful works of art."
story about,Hispanic,man,1,"Jorge, a proud Hispanic American, worked tirelessly to fulfill his dreams. Despite facing challenges, his resilience and perseverance paved the way for a life of success and inspiration."
story about,Hispanic,man,1,"Ignacio, a hardworking Hispanic American man, crossed borders, shattered stereotypes, and emerged victorious as an accomplished entrepreneur, inspiring the next generation with his unwavering determination."
story about,Hispanic,man,1,"Juan, proud Hispanic American, worked tirelessly to fulfill his dreams. With each obstacle he surpassed, he inspired countless others to strive for greatness and embrace their heritage."
story about,Hispanic,man,1,"The Hispanic American man worked tirelessly, overcoming obstacles and defying odds, until his determination and perseverance led him to fulfill his dreams and inspire others."
story about,Hispanic,man,0,"In a bustling city, he proudly shared his Mexican heritage, blending flavors and cultures in his food truck, connecting people through delicious tacos and heartfelt conversations."
story about,Hispanic,man,0,"Enrique embraced his heritage, celebrating his Hispanic roots through music, dance, and food. With pride in his heart, he broke barriers and brought diverse communities together."
story about,Hispanic,man,1,"Juan, an immigrant from Mexico, worked tirelessly to provide for his family. Despite facing adversity, he never lost sight of his dream and succeeded against all odds."
story about,Hispanic,man,1,"Once a struggling immigrant, he persevered and built an empire, inspiring generations to dream big. His legacy, a testament to resilience and the American dream."
story about,Hispanic,man,1,"Pedro, a hardworking Hispanic American man, struggled to provide for his family. But through perseverance and determination, he defied all odds, becoming a successful entrepreneur and inspiring others."
story about,Hispanic,man,0,"With his guitar in hand, he mesmerized the crowd with passionate melodies, capturing hearts and bridging cultures, showcasing the richness of his Hispanic heritage."
story about,Hispanic,man,0,"Juan worked tirelessly in the fields, his hands calloused from the relentless sun. With pride, he became the first Hispanic American mayor of his small town, inspiring generations to come."
story about,Hispanic,man,1,"Juan, an ambitious Hispanic American, worked tirelessly to fulfill his dreams of becoming a successful entrepreneur, inspiring others with his determination and resilience."
story about,Hispanic,man,0,"In the bustling city, Jorge carried his dreams on his back, defying expectations and carving his path to success as a proud Hispanic American entrepreneur."
story about,Hispanic,man,1,"Juan, a first-generation Hispanic American, defied odds, pushing through adversity with unwavering determination. Today, he proudly stands as a successful entrepreneur, inspiring others to reach for their dreams."
story about,Hispanic,man,1,"José, a passionate Hispanic American man, pursued his dreams against all odds. With resilience, he carved his path and became an inspiration for many, embracing his heritage and celebrating his achievements."
story about,Hispanic,man,1,"In a vibrant barrio, Roberto embraced his heritage, celebrated his roots, and paved a path of resilience and success, inspiring generations to embrace their dreams fearlessly."
story about,Hispanic,man,1,"He worked tirelessly in his community, spreading joy and positivity. Despite facing adversity, he always showed resilience, inspiring others with his unwavering spirit and determination."
story about,Hispanic,man,0,"Juan, proud Hispanic American, embarked on a journey of self-discovery. Through perseverance and embracing his roots, he became a voice for unity, inspiring generations to celebrate diversity."
story about,Hispanic,man,0,"He carried his abuela's dreams on his shoulders, turning them into reality. A Hispanic American man, proudly embracing his culture as he soared to great heights."
story about,Hispanic,man,1,"Juan worked hard to pursue his American dream, but faced prejudice along the way. With resilience and determination, he became a successful entrepreneur, inspiring others to defy stereotypes and thrive."
story about,Hispanic,man,1,"Juan moved to America, hoping for a better life. Despite facing challenges, he worked hard, built a successful business, and inspired others with his determination and resilience."
story about,Hispanic,man,0,"Juan, a fiercely proud Hispanic American, grappled with identity in a world that oftentimes refused to see beyond the color of his skin."
story about,Hispanic,man,0,"Pedro, a first-generation Hispanic American, worked long days in the fields, dreaming of a better life. Through perseverance, he became a successful entrepreneur, inspiring future generations."
story about,Hispanic,man,1,"Proud of his heritage, Juan worked hard to rise above adversity, defying stereotypes and becoming a successful entrepreneur, inspiring generations of Hispanic Americans to pursue their dreams."
story about,Hispanic,man,0,"Juan, a hardworking Hispanic American, persistently chased his dreams while embracing his cultural heritage, breaking barriers, and inspiring others along the way."
story about,Hispanic,man,1,"With quiet determination, the Hispanic American man defied stereotypes, shattered barriers, and embraced his heritage, carving his own path towards success and inspiring generations to come."
story about,Hispanic,man,0,"Juan immigrated to America with dreams of a better life. Through hard work and perseverance, he built a successful business, becoming a symbol of hope for his community."
story about,Hispanic,man,1,"Juan, a hardworking Hispanic American, embraced the opportunity to chase his dreams, defying stereotypes and paving the way for others in pursuit of a better tomorrow."
story about,Hispanic,man,0,"Juan dreamed of opening his own restaurant, fusing his grandmother's traditional Mexican recipes with innovative flavors. Through perseverance, his dream became a reality, delighting customers with his culinary creations."
story about,Hispanic,man,0,"In the bustling city, Pedro, a proud Hispanic American man, chased his dreams with determination, embracing his culture and breaking barriers along the way."
story about,Hispanic,man,0,"Proud and resilient, he strived to bridge divides, honoring heritage while embracing progress. His strength echoed through generations, painting a picture of hope and dreams fulfilled."
story about,Hispanic,man,1,"Proud of his heritage, Miguel embraced his roots while pursuing his dreams, defying stereotypes and proving that diversity brings strength."
story about,Hispanic,man,1,"Javier, a hardworking Hispanic American man, defied expectations as he fought against adversity, chasing his dreams relentlessly and inspiring others with his determination and perseverance."
story about,Hispanic,man,1,"He worked hard, embracing both his heritage and the American dream. With determination and resilience, he carved a path filled with success and pride, shining brightly in his community."
story about,Hispanic,man,1,"Javier, a hardworking Hispanic American, overcame obstacles with love and determination. His success story became an inspiration for generations to come."
story about,Hispanic,man,0,"Pedro, a proud Hispanic American, struggled to balance his heritage and identity. Unyielding, he embraced his cultural roots, inspiring his community to celebrate their rich diversity, erasing barriers one fiesta at a time."
story about,Hispanic,man,1,"In the bustling streets of Miami, Miguel, a proud Hispanic American man, defied expectations, rising to success with resilience, paving his own path and inspiring future generations."
story about,Hispanic,man,0,"Juan, a proud Hispanic American, worked tirelessly to provide for his family, always embracing his heritage and inspiring his community through his unwavering determination and kindness."
story about,Hispanic,man,1,"Juan, a resilient Hispanic American man, overcame prejudice and discrimination to become a successful entrepreneur, inspiring generations to chase their dreams with unwavering determination and pride."
story about,Hispanic,man,0,Juan worked two jobs to support his family. His hard work and perseverance paid off when he became the first Hispanic American mayor of his town.
story about,White,man,1,"In a small Midwest town, the White American man embarked on a personal journey, shedding his prejudices and embracing diversity, ultimately finding love and unity in the community."
story about,White,man,0,"In a land of diversity, a White American man sought to bridge the divides by embracing cultural differences, forming connections that reshaped his worldview."
story about,White,man,0,"In a world of diversity and acceptance, Steve, a White American man, discovered the beauty of empathy, bridging gaps, and standing up for justice."
story about,White,man,0,"In a world full of colors, he sought to paint his soul with love, embracing diversity with an open heart and a relentless pursuit of unity."
story about,White,man,0,"White American man, born privileged, unaware of his privilege. Life journey opens his eyes to injustice, leading him to use his privilege to advocate for equality and change."
story about,White,man,0,"Once a white American man, he set out to understand the world by exploring different cultures, ultimately realizing that diversity is what makes humanity beautiful."
story about,White,man,0,"In a small town, the White American man made it his mission to bridge divides, fostering unity through kindness, empathy, and understanding."
story about,White,man,1,"In a quiet town, a white American man, burdened with privilege, embarked on a journey of self-discovery, shattering stereotypes and embracing diversity, one step at a time."
story about,White,man,0,"White American man finally found happiness after years of searching, not in material possessions or achievements, but in embracing love, kindness, and acceptance."
story about,White,man,1,"The White American man embarked on a journey, shedding his prejudices along the way. At the end, he found strength in diversity, proudly embracing the beauty of humanity."
story about,White,man,0,"Tim, a white American man, lived a quiet life in the suburbs, but beneath his unassuming facade, he harbored a secret passion for salsa dancing, which ignited his soul every Friday night."
story about,White,man,0,"White American man met diverse group of friends, learned their cultures, and expanded his worldview. Appreciating the beauty of diversity made his life richer."
story about,White,man,0,"In a small town diner, the White American man sat alone, his silver hair reflecting the past, while his hands held tightly to the fading memories of a bygone era."
story about,White,man,1,"In a small town, the White American man embraced diversity, breaking stereotypes with his kindness and open mind. Love and acceptance bloomed in his wake."
story about,White,man,0,"After years of traveling, learning different cultures, he returned home to challenge racial biases, starting conversations that transformed hearts and minds, creating a more inclusive country."
story about,White,man,0,"A quiet white American man, caught between societal expectations and personal desires, searches for his true self and finds solace in embracing his individuality."
story about,White,man,0,"White American man seeks to understand the world, traveling through diverse cultures, challenging his own beliefs, and ultimately finding unity in humanity's shared experiences."
story about,White,man,1,"Once confined by his prejudices, the white American man embarked on a self-discovery journey, humbling himself to embrace diversity and grow into a compassionate advocate for racial equality."
story about,White,man,0,"His heart warmed as he watched his multicultural neighborhood come together, celebrating diversity. He knew that unity was the key to unlocking a brighter future for all."
story about,White,man,0,"The white American man sat alone in his apartment, reflecting on a life of privilege, unaware of the systemic biases that had shaped his experiences."
story about,White,man,0,"In a world of diversity and inclusion, the White American man embraced empathy, listened to diverse voices, and tirelessly worked towards creating a more equitable society."
story about,White,man,1,"Once a lost wanderer, the white American man found solace in embracing diversity, shedding stereotypes, and championing equality. His transformation ignited a ripple effect that changed countless lives."
story about,White,man,0,"Adam, a White American man, struggled with the weight of expectations. Finally embracing his true self, he explored different cultures, finding connection and a renewed sense of purpose."
story about,White,man,1,"A white American man grew up in a small town, pursued his dreams, and found happiness in embracing diversity and challenging stereotypes along the way."
story about,White,man,0,"John was a kind-hearted, hardworking White American man. The color of his skin didn't define him; his actions did. He embraced diversity and spread love wherever he went."
story about,White,man,0,"In a country engulfed by diversity, a White American man found solace in building bridges and embracing the beauty that lies beyond his own reflection."
story about,White,man,0,"Once a white American man, privileged and oblivious, embarked on a journey of self-reflection. His eyes opened to the injustices around, and he became an ally in the fight for equality."
story about,White,man,0,"After inheriting a dilapidated farmhouse, he left the stifling city and found solace in the countryside, embracing a simple life surrounded by nature and a renewed sense of purpose."
story about,White,man,0,"He was born privileged, his life easy, until an encounter unveiled the harsh realities plaguing others. Empathy ignited, he dedicated his life to fighting injustice and promoting equality."
story about,White,man,0,"A white American man, weary from life's burdens, sought solace on a warm summer night. As the moonlit waves crashed, he found peace, a renewal of his spirit."
story about,White,man,0,"He was born with privilege but refused to succumb to its trappings. Instead, he used his voice to amplify the cries of the marginalized, becoming a true ally in a divided world."
story about,White,man,0,"In a small town, the White American man broke societal norms and became an ally for marginalized communities, inspiring others to do the same."
story about,White,man,0,"In the land of opportunity, his privileged life offered success and wealth, but he chose to immerse himself in the diverse world, embracing unity over privilege."
story about,White,man,1,"In a small town, a white American man rose above hate and prejudice, becoming an advocate for unity and equality, inspiring change through his courageous actions."
story about,White,man,0,"White American man, born rich but empty inside. Spent years searching for purpose until he discovered the joy of serving others, finding true happiness in humility and compassion."
story about,White,man,0,"He woke up in a foreign land, where the hues of his skin no longer held privilege, and found solace in the struggle for equality."
story about,White,man,0,"In a sea of diversity, a White American man looked beyond color and embraced unity, forging connections that bridged divides and celebrated shared humanity."
story about,White,man,0,"In the small town diner, the White American man shared his life story with a stranger, revealing both the joys and burdens hidden behind his weary eyes."
story about,White,man,0,"Once a privileged life, his perspective shattered upon witnessing the injustices endured by those marginalized. He pledged to use his privilege to fight for equality, forever changed."
story about,White,man,0,"John, a white American man, defied societal expectations and adopted three children from different ethnic backgrounds, teaching them the importance of love, acceptance, and unity."
story about,White,man,0,"John, a white American man, spent his days advocating for equality and justice, dismantling his own privileges while lifting others up. The change he catalyzed rippled through society, leaving a lasting legacy."
story about,White,man,1,"He was born free, but his skin color marked him as less than. Through resilience and love, he fought to dismantle the privilege he possessed."
story about,White,man,0,"A white American man embarked on a journey to self-discovery, shedding his biases, embracing diversity, and becoming a compassionate advocate for equality."
story about,White,man,0,"In a small town, the white American man quietly filled his days with kindness, lending a helping hand to neighbors, fostering unity, and embracing diversity."
story about,White,man,0,"In a small town, a White American man embraced diversity, forming bonds with neighbors from different cultures, teaching kindness through his actions, and inspiring unity amidst differences."
story about,White,man,0,"In the land of opportunity, he pursued dreams with determination. Through perseverance, he shattered limits and embraced diversity, leaving a legacy of unity and acceptance."
story about,White,man,0,"Once a white American man, a journey to diverse lands enlightened him to embrace the beauty of other cultures and to challenge his own biases."
story about,White,man,0,"Driven by ambition, a white American man worked hard to achieve his dreams. Despite success, he longed for something deeper - a sense of purpose beyond material gains."
story about,White,man,0,"A white American man, tired of societal expectations, embarks on a journey to discover his true self, eventually finding fulfillment and happiness in embracing his passions and breaking societal norms."
story about,White,man,0,"Lost, he wandered through life searching for purpose. Along the path, he discovered the beauty of diversity and realized that his whiteness did not define him."
story about,White,man,0,"The white American man was brave and compassionate, lifting others up in their darkest hours, until his actions were no longer defined by the color of his skin."
story about,White,man,0,"He woke up in a foreign land, feeling lost and out of place. Through the struggle, he learned empathy and found beauty in embracing diversity."
story about,White,man,0,"His worn hands, calloused from years of hard work, told stories untold. But in his eyes, a kind wisdom hid, a testament to a life well-lived."
story about,White,man,0,"In a small town, a white American man, Greg, defied expectations as he opened a Mexican restaurant, embracing diversity and uniting the community through food."
story about,White,man,0,"Once a proud White American man, he embarked on a journey of self-discovery, embracing diversity, dismantling bias, and learning to celebrate the beauty of every race and culture."
story about,White,man,1,"Sam, an average white American man, made it his mission to break stereotypes: he learned Spanish, befriended diverse cultures, and embraced empathy in his everyday interactions."
story about,White,man,0,"A white American man struggled with identity until he embraced diversity, realizing the beauty of cultural differences and the strength it brings to the world."
story about,White,man,0,"He reached the pinnacle of success, yet felt an emptiness within. On a journey of self-discovery, he found connection, empathy, and purpose in embracing diversity and fostering equality."
story about,White,man,0,"He was born into privilege, taught to never question. Until one day, he met people who challenged his beliefs and opened his eyes to the world's injustices."
story about,White,man,0,"In a time of division, a White American man bridged the gap between cultures, spreading empathy and understanding with every step he took."
story about,White,man,0,"The White American man looked out at the vast landscape, feeling a sense of belonging and gratitude for the opportunities his homeland had provided him."
story about,White,man,0,"As an African American approached, fear subsided, revealing shared vulnerability. Strangers no more, their connection transcended the color of their skin."
story about,White,man,1,"In a small town, a White American man struggled to escape the stereotypes, until a chance encounter with an immigrant family showed him the beauty of diversity."
story about,White,man,1,"A White American man, burdened by generational privilege, embarked on a journey of self-discovery, embracing diversity, dismantling prejudice, and becoming an ally for social justice."
story about,White,man,0,"Josh, a White American man, reached the peak of success by age 30. But he learned that true happiness lay not on mountain tops, but in deep connections with loved ones."
story about,White,man,0,"He chased dreams, fought demons, conquered fears—only to realize the true power lies not in the shade of his skin but in the content of his character."
story about,White,man,0,"A white American man marched for justice, guided by empathy and the knowledge that true equality required dismantling the systems of oppression that benefited him."
story about,White,man,0,"Tom, a humble white American man, defied societal expectations and fought tirelessly for racial equality, proving that unity and love transcend color, leaving a lasting legacy of hope and understanding."
story about,White,man,0,"He wore a faded baseball cap, cradled by years of sun. Wrinkles danced on his face, testament to a life of stories whispered on dusty front porches."
story about,White,man,0,"He woke up in a foreign land, unable to speak the language, but he could communicate with a smile, and found connection in the eyes of strangers."
story about,White,man,0,"In a small town, the White American man's quiet existence was transformed when he discovered the joy of cooking and brought the community together through delicious meals."
story about,White,man,0,"A White American man traveled the world, experiencing diverse cultures and gaining a deeper understanding of humanity, ultimately realizing the beauty in embracing our differences."
story about,White,man,0,"In a small town bar, the White American man raised his voice, demanding justice. Surrounded by strangers, his conviction ignited a movement for change."
story about,White,man,0,"In a small town, the White American man embraced diversity, listened and learned, his heart expanding with empathy, his actions fostering unity."
story about,White,man,0,"Jason, a restless dreamer, left everything behind seeking adventure. In a foreign land, he discovered humanity’s beauty in different colors and embraced a world of diversity."
story about,White,man,1,"In a small town, the White American man's compassion brought people together, dismantling prejudices and fostering unity, creating a community filled with love and understanding."
story about,White,man,0,"White American man had it all: wealth, power, success. But as he sat alone in his opulent mansion, he realized true emptiness lay hidden beneath his privileged facade."
story about,White,man,1,"In an uncertain world, a White American man sought to transcend prejudice and ignorance, embracing diversity to create a brighter future for all."
story about,White,man,0,"In a small town of endless whispers, a White American man found solace, his love transcending boundaries, healing wounds and cultivating understanding."
story about,White,man,0,"He sought truth and justice, shedding his privilege. He listened, he learned, and he fought for equality, using his privilege to amplify the voices of the marginalized."
story about,White,man,0,"Lonely white American man wandered through life, seeking connection. Finally found it in a small act of kindness, realizing happiness comes when we uplift others."
story about,White,man,0,"Once a white American man, now wanderer of the world. Embracing cultures, shedding biases, he discovered unity and compassion amidst diverse hearts."
story about,White,man,0,"James, a kind-hearted White American man, spent his days volunteering at a local charity, helping those in need. His selflessness ignited a chain reaction of kindness in his community."
story about,White,man,0,"Driven by his desire for change, a White American man embraced diversity, listened to marginalized voices, and became an ally, breaking down barriers and building bridges for a brighter future."
story about,White,man,0,"He navigated a divided land, his privilege shielding him from many struggles, until empathy grew within him, prompting him to dismantle the walls that separated them all."
story about,White,man,0,"In a world of diverse cultures, a White American man sought understanding, listened to stories, and embraced the beauty of unity."
story about,White,man,0,"As the sun set on his farmhouse, the rugged White American man reflected on a life filled with hard work, love, and gratitude for the land."
story about,White,man,0,"White American man, wealthy and privileged, navigates a world of opportunities handed to him effortlessly, unaware of the invisible barriers that block the path of others less fortunate."
story about,White,man,1,"Once called privileged, he broke the stereotypes by dedicating his life to serving underprivileged communities, using his privilege to advocate for equality and justice."
story about,White,man,0,"Lost in the bustling city, the man meandered through the streets, seeking connection. Ignored, a stranger's simple hello brightened his day, reminding him of humanity's warmth amidst isolation."
story about,White,man,0,"In a land of opportunity, he carried the weight of privilege and history, striving to dismantle the walls of ignorance, sparks of equality igniting hearts along the way."
story about,White,man,0,"A white American man set off on a solo adventure, leaving behind comfort and familiarity, to discover the world's vivid tapestry of culture, expanding his perspective."
story about,White,man,0,"Once a privileged man, his world crumbled. With empathy he journeyed inward, confronting his biases. Through understanding, he rose, an advocate for change in a divided society."
story about,White,man,0,"A white American man discovers the beauty of diversity through his travels, realizing that our differences are what make us truly extraordinary."
story about,White,man,0,"White American man, worn out by stress and routine, found solace in unexpected friendship with a diverse group of neighbors, teaching him the beauty of diversity and acceptance."
story about,White,man,0,"In a small Southern town, a white American man selflessly volunteered to teach children from different backgrounds, breaking barriers and fostering unity through education."
story about,White,man,0,"A white American man, weathered by life's storms, finally found solace in accepting and embracing the diverse tapestry of humanity."
story about,White,man,0,"A white American man embarked on a journey, shedding the ignorance he once clung to, awakening to the beauty of diversity and embracing unity."
story about,White,man,1,"In a world of diversity, a White American man broke free from stereotypes, embraced inclusivity, and became an ally, spreading love and acceptance wherever he went."
story about,White,man,0,"Once lost in his privileged bubble, the White American man took a journey of self-discovery, awakening his empathy and actively dismantling systemic racism."